AV1001|JBL Bluetooth Speaker|89.95
AV1002|Mini 1000Lumens Projector|149.95
AV1003|XLR Podcast Cardiod Mic|44.99
AV1004|Sony Noise-Canceling Headphones|299.99
AV1005|Amazon Echo Dot (4th Gen)|49.99
AV1006|Google Nest Mini|39.99
AV1007|Apple AirPods Pro|249.00
AV1008|Bose QuietComfort 35 II|299.00
AV1009|Samsung Galaxy Buds Live|169.99
AV1010|Anker Soundcore Bluetooth Speaker|39.99
AV1051|JBL Bluetooth Speaker|89.95
AV1312|Mini 1000Lumens Projector|149.95
AV1412|XLR Podcast Cardiod Mic|44.99
CP2012|Desktop PC Computer Intel Core i5|139.00
CP2123|Wired Backlit Keyboard|21.99
CP2154|RGB Wireless Gaming Mouse|67.45
CA1001|Canon EOS M50 Mirrorless Camera|679.99
CA1002|Nikon D3500 DSLR Camera|499.99
CA1003|Sony Alpha a6000 Mirrorless Camera|648.00
CA1004|GoPro HERO9 Black Action Camera|399.99
CA1005|DJI Osmo Action Camera|249.00
CA1006|Fujifilm Instax Mini 11 Instant Camera|69.99
CA1007|Canon PowerShot G7 X Mark III|749.99
CA1008|Nikon COOLPIX B500 Digital Camera|299.99
GM1032|Telestrations Board Game|17.99
GM1075|Battleship Board Game|12.99
GM1148|Retro Handheld Arcade|24.45
PW1255|USB C to A Cable|13.95
PW1341|Solar Powered Battery Charger|19.99
PW1431|Wireless Charger iPhone|12.99